service,minimum_education,eligible_roles
Supervised Visitation Traditional,BA,Family Engagement Specialist 1
Supervised Visitation Paraprofessional,HS Diploma/GED or BA,Family Engagement Specialist 1
Fatherhood Engagement,BA,Family Engagement Specialist 1
Homebase Casework,BA,Family Engagement Specialist 1
Homemaker Parent Aid,HS Diploma/GED or BA,Family Engagement Specialist 1
Domestic Violence Therapy,Master's,Clinician 1
Abuse Intervention Program,BA,Family Engagement Specialist 1
Substance Abuse Group,Master's,Clinician 1
Home-Based Therapy,Master's,Clinician 1
Counseling,Master's,Clinician 1
Family Preservation,Master's or BA,Clinician II or Family Engagement Specialist 2
FCT,Master's or BA,Clinician II or Family Engagement Specialist 2
Insurance/Medicaid Referrals,Master's,Clinician 1
